{"cameraMode":{"drawMode":0,"name":"Shaded","section":"Shading Mode"},"sceneLighting":true,"audioPlay":false,"sceneViewState":{"showFog":false,"showMaterialUpdate":false,"showSkybox":false,"showFlares":false,"showImageEffects":false,"showParticleSystems":false},"in2DMode":false,"pivot":{"x":-0.01600027084350586,"y":3.4911980628967287,"z":0.48399949073791506},"rotation":{"x":0.15537448227405549,"y":-0.034074850380420688,"z":0.005360359791666269,"w":0.9872629642486572},"size":6.185271739959717,"orthographic":true}