{"cameraMode":{"drawMode":0,"name":"Shaded","section":"Shading Mode"},"sceneLighting":true,"audioPlay":false,"sceneViewState":{"showFog":false,"showMaterialUpdate":false,"showSkybox":true,"showFlares":false,"showImageEffects":false,"showParticleSystems":false},"in2DMode":false,"pivot":{"x":30.421112060546876,"y":43.973419189453128,"z":-129.11614990234376},"rotation":{"x":0.10399383306503296,"y":-0.13089261949062348,"z":0.013805183582007885,"w":0.98583984375},"size":124.79721069335938,"orthographic":true}