{"cameraMode":{"drawMode":0,"name":"Shaded","section":"Shading Mode"},"sceneLighting":true,"audioPlay":false,"sceneViewState":{"showFog":true,"showMaterialUpdate":false,"showSkybox":true,"showFlares":true,"showImageEffects":true,"showParticleSystems":true},"in2DMode":false,"pivot":{"x":-1793.5579833984375,"y":-48.04150390625,"z":418.2005615234375},"rotation":{"x":-0.037800367921590808,"y":0.003594606649130583,"z":-0.00013607079745270312,"w":-0.9992795586585999},"size":1614.6802978515625,"orthographic":false}