{"cameraMode":{"drawMode":0,"name":"Shaded","section":"Shading Mode"},"sceneLighting":false,"audioPlay":false,"sceneViewState":{"showFog":true,"showMaterialUpdate":false,"showSkybox":true,"showFlares":true,"showImageEffects":true,"showParticleSystems":true},"in2DMode":false,"pivot":{"x":1832.185546875,"y":2705.05712890625,"z":-2583.56494140625},"rotation":{"x":0.06682676821947098,"y":0.9279590845108032,"z":-0.20297661423683167,"w":0.3053586483001709},"size":7161.48046875,"orthographic":false}