{"cameraMode":{"drawMode":0,"name":"Shaded","section":"Shading Mode"},"sceneLighting":false,"audioPlay":false,"sceneViewState":{"showFog":true,"showMaterialUpdate":false,"showSkybox":true,"showFlares":true,"showImageEffects":true,"showParticleSystems":true},"in2DMode":false,"pivot":{"x":459.70025634765627,"y":659.5570068359375,"z":-1408.239990234375},"rotation":{"x":-0.2538788914680481,"y":-0.36136573553085329,"z":0.10293495655059815,"w":-0.8912739753723145},"size":12.578371047973633,"orthographic":false}