{"cameraMode":{"drawMode":0,"name":"Shaded","section":"Shading Mode"},"sceneLighting":false,"audioPlay":false,"sceneViewState":{"showFog":true,"showMaterialUpdate":false,"showSkybox":true,"showFlares":true,"showImageEffects":true,"showParticleSystems":true},"in2DMode":false,"pivot":{"x":-1268.400634765625,"y":909.0595092773438,"z":238.87127685546876},"rotation":{"x":0.3972446918487549,"y":0.17210613191127778,"z":-0.0761188492178917,"w":0.8982182145118713},"size":0.8660253882408142,"orthographic":false}