{"cameraMode":{"drawMode":0,"name":"Shaded","section":"Shading Mode"},"sceneLighting":false,"audioPlay":false,"sceneViewState":{"showFog":true,"showMaterialUpdate":false,"showSkybox":true,"showFlares":true,"showImageEffects":true,"showParticleSystems":true},"in2DMode":false,"pivot":{"x":609.3706665039063,"y":420.29278564453127,"z":-386.7441101074219},"rotation":{"x":0.24107378721237184,"y":0.7573699951171875,"z":-0.45640113949775698,"w":0.3999866545200348},"size":1234.22119140625,"orthographic":false}