{"cameraMode":{"drawMode":0,"name":"Shaded","section":"Shading Mode"},"sceneLighting":false,"audioPlay":false,"sceneViewState":{"showFog":true,"showMaterialUpdate":false,"showSkybox":true,"showFlares":true,"showImageEffects":true,"showParticleSystems":true},"in2DMode":false,"pivot":{"x":251.88780212402345,"y":118.624267578125,"z":464.502197265625},"rotation":{"x":0.6901141405105591,"y":0.037073951214551929,"z":-0.035447001457214358,"w":0.721889853477478},"size":478.1366882324219,"orthographic":false}