{"cameraMode":{"drawMode":0,"name":"Shaded","section":"Shading Mode"},"sceneLighting":false,"audioPlay":false,"sceneViewState":{"showFog":true,"showMaterialUpdate":false,"showSkybox":true,"showFlares":true,"showImageEffects":true,"showParticleSystems":true},"in2DMode":false,"pivot":{"x":-1798.056640625,"y":140.04022216796876,"z":-781.3677978515625},"rotation":{"x":-0.03793446347117424,"y":0.6811573505401611,"z":-0.035383548587560657,"w":-0.730301558971405},"size":1804.3916015625,"orthographic":false}