{"cameraMode":{"drawMode":0,"name":"Shaded","section":"Shading Mode"},"sceneLighting":false,"audioPlay":false,"sceneViewState":{"showFog":true,"showMaterialUpdate":false,"showSkybox":true,"showFlares":true,"showImageEffects":true,"showParticleSystems":true},"in2DMode":false,"pivot":{"x":1184.145751953125,"y":738.3732299804688,"z":-612.5206298828125},"rotation":{"x":0.24107378721237184,"y":0.7573699951171875,"z":-0.45640113949775698,"w":0.3999866545200348},"size":405.8214111328125,"orthographic":false}