{"cameraMode":{"drawMode":0,"name":"Shaded","section":"Shading Mode"},"sceneLighting":true,"audioPlay":false,"sceneViewState":{"showFog":true,"showMaterialUpdate":false,"showSkybox":true,"showFlares":true,"showImageEffects":true,"showParticleSystems":true},"in2DMode":false,"pivot":{"x":-1979.804443359375,"y":155.770751953125,"z":163.225341796875},"rotation":{"x":-0.1903747320175171,"y":0.809624969959259,"z":-0.39290210604667666,"w":-0.39229148626327517},"size":1327.969482421875,"orthographic":false}